[
  {
     "name": "strophe.js",
     "file": "lib/strophe.js/strophe.js",
     "license": "multiple",
     "url": "http://strophe.im/strophejs/"
  },
  {
     "name": "strophe.js/muc",
     "file": "lib/strophe.muc.js",
     "license": "MIT",
     "url": "https://github.com/strophe/strophejs-plugins"
  },
  {
     "name": "strophe.js/disco",
     "file": "lib/strophe.disco.js",
     "license": "MIT",
     "url": "https://github.com/strophe/strophejs-plugins"
  },
  {
     "name": "strophe.js/caps",
     "file": "lib/strophe.caps.js",
     "license": "MIT",
     "url": "https://github.com/strophe/strophejs-plugins"
  },
  {
     "name": "strophe.js/vcard",
     "file": "lib/strophe.vcard/strophe.vcard.js",
     "license": "MIT",
     "url": "https://github.com/strophe/strophejs-plugins"
  },
  {
     "name": "strophe.js/bookmarks",
     "file": "lib/strophe.bookmarks/strophe.bookmarks.js",
     "license": "MIT",
     "url": "https://github.com/strophe/strophejs-plugins/tree/master/bookmarks"
  },
  {
     "name": "strophe.js/x",
     "file": "lib/strophe.x/src/strophe.x.js",
     "license": "MIT",
     "url": "https://github.com/strophe/strophejs-plugins/tree/master/dataforms"
  },
  {
     "name": "strophe.js/chatstates",
     "file": "lib/strophe.chatstates/strophe.chatstates.js",
     "license": "MIT",
     "url": "https://github.com/strophe/strophejs-plugins/tree/master/chatstates"
  },
  {
     "name": "strophe.js/mam",
     "file": "lib/strophejs-plugin-mam/strophe.mam.js",
     "license": "MIT",
     "url": "https://github.com/strophe/strophejs-plugin-mam"
  },
  {
     "name": "strophe.js/rsm",
     "file": "lib/strophejs-plugin-rsm/strophe.rsm.js",
     "license": "MIT",
     "url": "https://github.com/strophe/strophejs-plugin-rsm"
  },
  {
     "name": "strophe.jinglejs",
     "file": "lib/strophe.jinglejs/strophe.jinglejs-bundle.js",
     "license": "MIT",
     "url": "https://github.com/sualko/strophe.jinglejs"
  },
  {
     "name": "Salsa20",
     "file": "lib/otr/build/dep/salsa20.js",
     "license": "AGPL3",
     "url": "https://github.com/neoatlantis/node-salsa20"
  },
  {
     "name": "bigint",
     "file": "lib/otr/build/dep/bigint.js",
     "license": "public domain",
     "url": "www.leemon.com"
  },
  {
     "name": "cryptojs",
     "file": "lib/otr/build/dep/crypto.js",
     "license": "code.google.com/p/crypto-js/wiki/license",
     "url": "code.google.com/p/crypto-js"
  },
  {
     "name": "eventemitter",
     "file": "lib/otr/build/dep/eventemitter.js",
     "license": "MIT",
     "url": "http://git.io/ee"
  },
  {
     "name": "otr.js",
     "file": "lib/otr/build/otr.js",
     "license": "MPL v2.0",
     "url": "https://arlolra.github.io/otr/"
  },
  {
     "name": "i18next",
     "file": "lib/i18next/i18next.min.js",
     "license": "MIT",
     "url": "http://i18next.com/"
  },
  {
     "name": "jquery-i18next",
     "file": "lib/jquery-i18next/jquery-i18next.min.js",
     "license": "MIT",
     "url": "http://i18next.com/"
  },
  {
     "name": "Magnific Popup",
     "file": "lib/magnific-popup/dist/jquery.magnific-popup.min.js",
     "license": "MIT",
     "url": "http://dimsemenov.com/plugins/magnific-popup/"
  },
  {
     "name": "favico.js",
     "file": "lib/favico.js/favico.js",
     "license": "MIT",
     "url": "https://github.com/ejci/favico.js"
  },
  {
     "name": "emoji one",
     "file": "lib/emojione/lib/js/emojione.js",
     "license": "CC-BY 4.0",
     "url": "http://emojione.com"
  }
 ]
